{"cameraMode":{"drawMode":0,"name":"Shaded","section":"Shading Mode"},"sceneLighting":true,"audioPlay":false,"sceneViewState":{"m_AlwaysRefresh":false,"showFog":true,"showSkybox":true,"showFlares":true,"showImageEffects":true,"showParticleSystems":true,"showVisualEffectGraphs":true,"m_FxEnabled":true},"in2DMode":false,"pivot":{"x":38.554264068603519,"y":5.662693500518799,"z":45.288448333740237},"rotation":{"x":-0.09116265922784805,"y":0.6545633673667908,"z":-0.07900761812925339,"w":-0.7465240955352783},"size":0.13583755493164063,"orthographic":false}