{"cameraMode":{"drawMode":0,"name":"Shaded","section":"Shading Mode"},"sceneLighting":true,"audioPlay":false,"sceneViewState":{"m_AlwaysRefresh":false,"showFog":true,"showSkybox":true,"showFlares":true,"showImageEffects":true,"showParticleSystems":true,"showVisualEffectGraphs":true,"m_FxEnabled":true},"in2DMode":false,"pivot":{"x":37.65504455566406,"y":5.733417510986328,"z":45.357826232910159},"rotation":{"x":0.235285222530365,"y":0.22357125580310822,"z":-0.055716682225465778,"w":0.9442304968833923},"size":0.28376975655555727,"orthographic":false}