{"cameraMode":{"drawMode":0,"name":"Shaded","section":"Shading Mode"},"sceneLighting":true,"audioPlay":false,"sceneViewState":{"m_AlwaysRefresh":false,"showFog":true,"showSkybox":true,"showFlares":true,"showImageEffects":true,"showParticleSystems":true,"showVisualEffectGraphs":true,"m_FxEnabled":true},"in2DMode":false,"pivot":{"x":-0.1569361537694931,"y":0.43080011010169985,"z":-0.10746526718139649},"rotation":{"x":0.03557940572500229,"y":0.9357628226280212,"z":-0.09891101717948914,"w":0.3366054594516754},"size":0.5494966506958008,"orthographic":false}