{"cameraMode":{"drawMode":0,"name":"Shaded","section":"Shading Mode"},"sceneLighting":true,"audioPlay":false,"sceneViewState":{"m_AlwaysRefresh":false,"showFog":true,"showSkybox":true,"showFlares":true,"showImageEffects":true,"showParticleSystems":true,"showVisualEffectGraphs":true,"m_FxEnabled":true},"in2DMode":false,"pivot":{"x":37.749900817871097,"y":6.666999816894531,"z":45.98590087890625},"rotation":{"x":0.03986670449376106,"y":0.9557508230209351,"z":-0.16029900312423707,"w":0.2441672384738922},"size":0.04494299367070198,"orthographic":false}