{"cameraMode":{"drawMode":0,"name":"Shaded","section":"Shading Mode"},"sceneLighting":true,"audioPlay":false,"sceneViewState":{"m_AlwaysRefresh":false,"showFog":true,"showSkybox":true,"showFlares":true,"showImageEffects":true,"showParticleSystems":true,"showVisualEffectGraphs":true,"m_FxEnabled":true},"in2DMode":false,"pivot":{"x":37.74947738647461,"y":6.366873264312744,"z":45.75590896606445},"rotation":{"x":0.04208557307720184,"y":-0.9081087112426758,"z":0.40705204010009768,"w":0.09101489931344986},"size":0.5266870260238648,"orthographic":false}