{"cameraMode":{"drawMode":0,"name":"Shaded","section":"Shading Mode"},"sceneLighting":true,"audioPlay":false,"sceneViewState":{"m_AlwaysRefresh":false,"showFog":true,"showSkybox":true,"showFlares":true,"showImageEffects":true,"showParticleSystems":true,"showVisualEffectGraphs":true,"m_FxEnabled":true},"in2DMode":false,"pivot":{"x":37.769378662109378,"y":5.428744316101074,"z":45.34269714355469},"rotation":{"x":-0.017971200868487359,"y":-0.8085800409317017,"z":0.024404549971222879,"w":-0.5876914858818054},"size":0.42555880546569826,"orthographic":false}